{"error": 4.32711460195117, "_runtime": 7, "_timestamp": 1654679278, "_step": 55, "Time - Party 1 (s)": 0.004108905792236328, "Time - Party 2 (s)": 0.004108905792236328, "Comm - Party 1 (MB)": 0.0, "Comm - Party 2 (MB)": 0.0, "Intensity error (SSD)": 4.32711460195117, "Displacement error (RMSE) mm": 0, "Num. Iterations": 55, "Time for one iteration - Party 1 (s)": 7.470737804066052e-05, "Time for one iteration - Party 2 (s)": 7.470737804066052e-05, "Comm for one iteration - Party 1 (MB)": 0.0, "Comm for one iteration - Party 2 (MB)": 0.0, "_wandb": {"runtime": 7}}