{"error": 4.33050530198229, "_runtime": 8, "_timestamp": 1654679451, "_step": 72, "Time - Party 1 (s)": 0.001237630844116211, "Time - Party 2 (s)": 0.001237630844116211, "Comm - Party 1 (MB)": 0.0, "Comm - Party 2 (MB)": 0.0, "Intensity error (SSD)": 4.33050530198229, "Displacement error (RMSE) mm": 0, "Num. Iterations": 72, "Time for one iteration - Party 1 (s)": 1.718931727939182e-05, "Time for one iteration - Party 2 (s)": 1.718931727939182e-05, "Comm for one iteration - Party 1 (MB)": 0.0, "Comm for one iteration - Party 2 (MB)": 0.0, "_wandb": {"runtime": 8}}